N;ode23 timesteps;ode23s timesteps;ode23s opt timesteps;ode23 CPU-time;ode23s CPU-time;ode23s opt CPU-time;ode23 Delta tmax;ode23s Delta tmax;ode23s opt Delta tmax
10;498;458;454;0.123253;0.250644;0.147211;0.013803;0.019989;0.019897
20;1456;559;575;0.075348;0.289366;0.176810;0.002976;0.019651;0.018869
40;5278;846;922;0.248326;0.919083;0.273168;0.000728;0.011808;0.010808
