N;ode23 timesteps;ode23s timesteps;ode23 CPU-time;ode23s CPU-time;ode23 Delta tmax;ode23s Delta tmax
10;498;458;0.064022;0.152027;0.013803;0.019989
20;1456;559;0.070564;0.204608;0.002976;0.019651
40;5278;846;0.199620;0.545091;0.000728;0.011808
