N;ode23 timesteps;ode23s timesteps;ode23 CPU-time;ode23s CPU-time;ode23 Delta tmax;ode23s Delta tmax
10;498;458;454;0.068108;0.189071;0.149217;0.013803;0.019989;0.019897
20;1456;559;575;0.074000;0.276458;0.160835;0.002976;0.019651;0.018869
40;5278;846;922;0.244110;0.728444;0.250984;0.000728;0.011808;0.010808
